region,region_code,metric,1997,1998,1999,2000,2001,2002,2003,2004,2005,2006,2007,2008,2009,2010,2011,2012,2013,2014,2015,2016,2017,2018,2019,2020,2021,2022,2023,2024,2025,2026,2027,2028,2029,2030
East,E12000006,gdhi_per_head_gbp,11164.0,11340.0,11819.0,12441.0,13008.0,13333.0,13598.0,14026.0,14532.0,14977.0,15609.0,16119.0,16536.0,16657.0,16778.0,17370.0,17984.0,18537.0,19582.0,19882.0,20439.0,21185.0,21787.0,21613.0,22377.0,23661.0,24293.887841703952,25013.310651448173,25754.037963071747,26516.700673724645,27301.94836351972,28110.449848796958,28942.893751772397,29799.989087055994
East,E12000006,gdhi_total_mn_gbp,58801.0,60124.0,63096.0,66870.0,70247.0,72434.0,74438.0,77263.0,80835.0,83967.0,88245.0,92015.0,95104.0,96736.0,98360.0,102743.0,107375.0,111953.0,119419.0,122496.0,126779.0,132141.0,136696.0,136115.0,142087.0,151461.0,157291.38967921137,163279.5792913612,169495.74333303503,175948.56094498723,182647.04168873507,189600.5381258957,196818.75887643447,204311.7821740464
East Midlands,E12000004,gdhi_per_head_gbp,9672.0,9849.0,10285.0,10672.0,11117.0,11384.0,11856.0,12309.0,12643.0,13052.0,13803.0,13968.0,14199.0,14221.0,14499.0,14981.0,15434.0,15913.0,16680.0,16703.0,17153.0,17635.0,18208.0,18444.0,18942.0,19879.0,20440.281162977455,21016.90250278708,21609.790359034203,22219.403610949776,22846.214082770664,23490.70690891855,24153.380909481206,24834.74897628565
East Midlands,E12000004,gdhi_total_mn_gbp,39850.0,40703.0,42710.0,44483.0,46577.0,48059.0,50446.0,52822.0,54733.0,56995.0,60800.0,62035.0,63492.0,64096.0,65789.0,68474.0,71066.0,73877.0,78090.0,79032.0,81964.0,84915.0,88199.0,89552.0,92464.0,98101.0,101715.98232674791,105379.35221132702,109174.66083949697,113106.66007432515,117180.27292044216,121400.59968781869,125772.92437753729,130302.72129755384
East Midlands,TLF,chained_gva_mn_gbp,,89683.0,92036.0,94714.0,97179.0,98322.0,101177.0,103927.0,106376.0,110419.0,111372.0,111507.0,105453.0,109042.0,110398.0,112294.0,114917.0,117171.0,118599.0,119971.0,121846.0,124434.0,125899.0,115406.0,125857.0,128254.0,128538.0,130600.98758827434,132034.66238281227,133472.28190679115,134914.2392158856,136360.91893475287,137812.69742960687,139269.9429937472
East Midlands,TLF,emp_total_jobs,,,,,,,,,,,,,1907000.0,1906000.0,1902000.0,1903000.0,1907000.0,1947000.0,2010000.0,2062000.0,2062000.0,2070000.0,2089000.0,2049000.0,2109000.0,2167000.0,2137000.0,2180760.0334025635,2202683.846763378,2224828.066581078,2247194.908665725,2269786.6111035626,2292605.434480964,2315653.6621106346
East Midlands,TLF,nominal_gva_mn_gbp,,54263.0,55733.0,57797.0,60160.0,62582.0,65730.0,68954.0,72582.0,76609.0,80126.0,83432.0,81084.0,83954.0,85178.0,88426.0,92063.0,95446.0,98321.0,100929.0,104692.0,109384.0,113395.0,110619.0,118965.0,128254.0,139722.0,136426.98651600193,141269.99966284572,146286.73897265957,151483.50595706454,156866.83341248354,162443.4940153952,168220.50924122892
East Midlands,TLF,productivity_gbp_per_job,,,,,,,,,,,,,42519.140010487674,44047.219307450156,44783.385909568875,46466.63163426169,48276.350288411115,49022.085259373394,48915.92039800995,48947.13870029098,50772.06595538312,52842.51207729468,54281.95308760172,53986.82284040996,56408.25035561878,59185.04845408399,65382.31165184839,62556.83818266493,64143.91375797492,65868.08571127962,67478.66699366612,69112.09992401655,70889.82341154224,72636.27692277807
East of England,TLH,chained_gva_mn_gbp,,119888.0,124102.0,131125.0,135234.0,136638.0,141989.0,143366.0,148455.0,152252.0,154759.0,155785.0,148304.0,151009.0,151373.0,153741.0,157639.0,164496.0,167327.0,171040.0,180176.0,180461.0,183978.0,165281.0,181286.0,187608.0,189294.0,192750.10744395142,195900.91548960298,199103.22851998423,202357.8884662489,205665.7510222577,209027.6858695535,212444.57690601272
East of England,TLH,emp_total_jobs,,,,,,,,,,,,,2423000.0,2400000.0,2405000.0,2419000.0,2447000.0,2557000.0,2629000.0,2701000.0,2763000.0,2764000.0,2784000.0,2780000.0,2829000.0,2821000.0,2881000.0,2965384.161478474,3009580.8844313542,3054436.324843223,3099960.300380681,3146162.775034947,3193053.8613026896,3240643.82239942
East of England,TLH,nominal_gva_mn_gbp,,77552.0,80595.0,84942.0,89423.0,92845.0,98776.0,101960.0,107535.0,112826.0,117070.0,121766.0,118559.0,119996.0,120744.0,124608.0,130010.0,137035.0,141969.0,148110.0,158305.0,161802.0,168571.0,159982.0,173622.0,187608.0,205310.0,199063.54213406768,206127.87426575526,213445.52666283402,221025.68437314668,228877.8694182137,237011.953310162,245438.17003969118
East of England,TLH,productivity_gbp_per_job,,,,,,,,,,,,,48930.66446553859,49998.333333333336,50205.40540540541,51512.19512195122,53130.36371066612,53592.10011732499,54001.14111829593,54835.246205109215,57294.60731089395,58539.073806078144,60549.92816091954,57547.482014388486,61372.21633085896,66504.0765685927,71263.45019090593,67140.30015160068,68510.50067869766,69858.59137575247,71299.39760854264,72745.31527844805,74137.92607760517,75862.5134573014
London,E12000007,gdhi_per_head_gbp,12898.0,13329.0,14169.0,15207.0,15765.0,15982.0,16664.0,17569.0,18587.0,19521.0,20924.0,21540.0,21431.0,21575.0,21391.0,22698.0,23906.0,24890.0,26652.0,27099.0,27599.0,29104.0,29719.0,29245.0,30662.0,32330.0,34153.36937059222,35395.75065243398,36683.325462115405,38017.73778364423,39400.69140347171,40833.95208589938,42319.34982761748,43858.78119425787
London,E12000007,gdhi_total_mn_gbp,90477.0,94173.0,101362.0,110047.0,115438.0,117894.0,123224.0,130588.0,139759.0,148319.0,160976.0,168277.0,170218.0,173927.0,175499.0,188863.0,201744.0,212736.0,230795.0,236948.0,242212.0,257085.0,264193.0,259315.0,269968.0,286734.0,313251.4764578319,327881.4812570539,342753.5740309689,358263.12842906266,374436.52768722567,391301.2296534361,408885.8102990253,427220.0089864345
London,TLI,chained_gva_mn_gbp,,291424.0,301911.0,324406.0,328952.0,334055.0,347791.0,357516.0,378745.0,392788.0,421240.0,422128.0,398270.0,411224.0,423693.0,437373.0,450399.0,469765.0,476078.0,495864.0,505319.0,515106.0,521458.0,455122.0,490253.0,529771.0,531531.0,574675.2248879403,620749.6705976494,644754.1444693368,660616.6173782344,676818.5315015283,693367.6631771312,710272.0373473272
London,TLI,emp_total_jobs,,,,,,,,,,,,,4143000.0,4206000.0,4304000.0,4447000.0,4560000.0,4737000.0,4924000.0,5019000.0,5138000.0,5148000.0,5252000.0,5121000.0,5329000.0,5618000.0,5700000.0,5839226.001111622,5970721.979639549,6105179.171240188,6242664.260712272,6383245.43455747,6526992.414797875,6673976.493555027
London,TLI,nominal_gva_mn_gbp,,180822.0,189934.0,204138.0,211431.0,219404.0,232216.0,243884.0,263752.0,279614.0,303485.0,311931.0,307243.0,319155.0,331055.0,344979.0,362515.0,386936.0,400610.0,425828.0,441034.0,457797.0,472257.0,435749.0,468464.0,529771.0,577141.0,584923.7574458441,610916.8595399688,638065.0546660913,666419.6733621274,696034.3272152646,726965.01022825,759270.2046902302
London,TLI,productivity_gbp_per_job,,,,,,,,,,,,,74159.54622254406,75880.8844507846,76917.98327137546,77575.66899033057,79498.90350877192,81683.76609668566,81358.65150284322,84843.19585574816,85837.68003114052,88927.15617715618,89919.45925361766,85090.60730326109,87908.42559579658,94298.86080455678,101252.80701754386,100134.93783978309,102335.32080046998,104478.57558948504,106644.92798244496,108680.9875050309,111288.43573980915,113849.98455736905
North East,E12000001,gdhi_per_head_gbp,9107.0,9150.0,9494.0,9987.0,10448.0,10631.0,10962.0,11470.0,11697.0,12121.0,12434.0,12721.0,13291.0,13509.0,13654.0,14227.0,14564.0,14959.0,15516.0,15718.0,16038.0,16474.0,16991.0,17239.0,17592.0,18388.0,19017.877212225747,19536.624390440804,20068.363823750773,20613.410360225294,21172.086505845193,21744.722610616765,22331.6570591877,22933.236466075952
North East,E12000001,gdhi_total_mn_gbp,23387.0,23431.0,24212.0,25401.0,26538.0,27009.0,27848.0,29140.0,29795.0,30941.0,31856.0,32683.0,34230.0,34945.0,35451.0,36975.0,37914.0,39050.0,40523.0,41153.0,42080.0,43317.0,44800.0,45467.0,46574.0,49319.0,50584.53143312886,52087.83569981851,53634.22386297443,55224.90223262225,56861.11046374739,58544.12247206862,60275.247374876846,62055.83045762337
North East,TLC,chained_gva_mn_gbp,,42708.0,43452.0,44582.0,46419.0,48477.0,50255.0,53174.0,53912.0,55600.0,55381.0,54739.0,52833.0,53692.0,54363.0,55505.0,55223.0,56425.0,58299.0,58090.0,59263.0,59575.0,61102.0,54146.0,59981.0,62364.0,63502.0,63679.869699092225,64254.189098057905,64826.69185308417,65397.882414801854,65968.22766831079,66538.159774505,67108.07882926328
North East,TLC,emp_total_jobs,,,,,,,,,,,,,1012000.0,1011000.0,1006000.0,1001000.0,1006000.0,1034000.0,1063000.0,1037000.0,1064000.0,1052000.0,1070000.0,1040000.0,1087000.0,1069000.0,1102000.0,1094799.6164999986,1101434.0195297308,1108108.626540993,1114823.6811668787,1121579.4285168785,1128376.115185829,1135213.9892629127
North East,TLC,nominal_gva_mn_gbp,,28817.0,29252.0,30140.0,31410.0,33536.0,35461.0,38415.0,40232.0,42379.0,43248.0,44424.0,44217.0,44838.0,45621.0,46772.0,47447.0,48865.0,50570.0,51319.0,52719.0,53545.0,56060.0,52695.0,57240.0,62364.0,68891.0,67387.33414026539,69688.99386054286,72069.26831659417,74530.84264759382,77076.49370545034,79709.09318731725,82431.6108750953
North East,TLC,productivity_gbp_per_job,,,,,,,,,,,,,43692.687747035576,44350.14836795252,45348.906560636184,46725.27472527473,47164.01590457257,47258.22050290136,47572.90686735654,49487.94599807136,49547.93233082707,50898.28897338403,52392.52336448598,50668.269230769234,52658.69365225391,58338.63423760524,62514.51905626134,61573.885538922885,63263.799143136166,64947.376385729396,67054.85814293673,68695.49189513954,70714.6246216299,72349.23392236297
North West,E12000002,gdhi_per_head_gbp,9608.0,9752.0,10261.0,10710.0,11091.0,11383.0,11768.0,12215.0,12598.0,13014.0,13531.0,13756.0,14260.0,14378.0,14506.0,14972.0,15427.0,15828.0,16551.0,16664.0,17108.0,17629.0,18229.0,18372.0,18805.0,19752.0,20345.451937263188,20904.352139436935,21477.570416748116,22065.46082453566,22668.38610502964,23286.717900271404,23920.836970238128,24571.1334163001
North West,E12000002,gdhi_total_mn_gbp,65278.0,66235.0,69497.0,72551.0,75120.0,77236.0,80195.0,83555.0,86551.0,89819.0,93757.0,95724.0,99623.0,100933.0,102352.0,105992.0,109608.0,113028.0,118881.0,120551.0,124473.0,128977.0,134222.0,135598.0,139613.0,148447.0,151891.18234812035,156836.15310943872,161942.11238537836,167214.30131953568,172658.1316862266,178279.19144554457,184083.2504792624,190076.26651347865
North West,TLD,chained_gva_mn_gbp,,138875.0,144432.0,147486.0,153660.0,157217.0,162190.0,167715.0,172129.0,178202.0,181147.0,179128.0,172853.0,176810.0,176037.0,179724.0,182560.0,187866.0,193054.0,195924.0,202563.0,204476.0,209462.0,192257.0,209825.0,221845.0,223858.0,224164.30647812883,227890.70979229582,231679.059104369,235530.38417584702,239445.73188650285,243426.16651895427,247472.7700479581
North West,TLD,emp_total_jobs,,,,,,,,,,,,,3012000.0,2980000.0,2977000.0,2987000.0,3017000.0,3086000.0,3162000.0,3246000.0,3298000.0,3328000.0,3406000.0,3316000.0,3439000.0,3485000.0,3555000.0,3581855.2568739792,3630742.2107818257,3680296.398313309,3730526.9262070023,3781443.025494785,3833054.053198302,3885369.494048515
North West,TLD,nominal_gva_mn_gbp,,88083.0,92290.0,94655.0,100553.0,105245.0,111059.0,117278.0,123348.0,130397.0,135269.0,138451.0,137614.0,140494.0,141439.0,145795.0,150838.0,156789.0,162866.0,168631.0,176803.0,181321.0,190043.0,185588.0,199341.0,221845.0,243386.0,239999.84146082404,241599.1936590918,251325.30707317608,261456.1141312468,272009.05999879184,283002.37036173255,294455.0877184771
North West,TLD,productivity_gbp_per_job,,,,,,,,,,,,,45688.579017264274,47145.63758389262,47510.58112193483,48809.84265148979,49996.022538945974,50806.54569021387,51507.27387729285,51950.400492914356,53609.15706488781,54483.473557692305,55796.53552554316,55967.430639324484,57964.81535330038,63657.1018651363,68463.00984528832,67022.91645386498,66589.92458536549,68342.44278086993,70152.84441403908,71913.3215714873,73942.0747517868,75895.4189317474
Northern Ireland,N92000002,gdhi_per_head_gbp,8567.0,8590.0,8919.0,9383.0,9641.0,10173.0,10643.0,11241.0,11814.0,12403.0,12659.0,12869.0,13041.0,13226.0,13519.0,13749.0,14305.0,14760.0,15248.0,15480.0,15965.0,16347.0,16871.0,16992.0,17635.0,18685.0,19299.020995115956,19878.728664990536,20474.82685233631,21087.757312711055,21717.97332538849,22365.93998833331,23032.13452065065,23717.046572698182
Northern Ireland,N92000002,gdhi_total_mn_gbp,14318.0,14413.0,14975.0,15791.0,16281.0,17269.0,18145.0,19267.0,20412.0,21619.0,22301.0,22896.0,23387.0,23870.0,24528.0,25086.0,26203.0,27205.0,28284.0,28886.0,29937.0,30834.0,32030.0,32293.0,33587.0,35698.0,37411.94315286373,38794.611848039276,40228.38114263568,41715.139610011676,43256.84562132381,44855.52992511048,46513.2983222115,48232.33443954703
Northern Ireland,TLN,chained_gva_mn_gbp,,34512.0,35857.0,38268.0,39147.0,39405.0,41164.0,42113.0,43497.0,44772.0,44531.0,43255.0,41216.0,40655.0,41387.0,42233.0,42811.0,43702.0,44177.0,46116.0,47169.0,47460.0,49047.0,43793.0,49270.0,50701.0,51465.0,50804.379653889846,51436.50228126993,52076.48995923764,52724.44054700249,53380.45312136653,54044.62799187377,54717.06671614795
Northern Ireland,TLN,nominal_gva_mn_gbp,,19603.0,20710.0,22344.0,23267.0,24039.0,25961.0,27232.0,28747.0,30484.0,31574.0,31939.0,31354.0,31000.0,31636.0,32952.0,34012.0,35071.0,36351.0,38547.0,40230.0,41386.0,43818.0,42146.0,46614.0,50701.0,56141.0,54591.69952383132,55049.09288724861,57197.48370352963,59429.719372784384,61749.07209265848,64158.94176425238,66662.860975981
Scotland,S92000003,gdhi_per_head_gbp,9581.0,9792.0,10156.0,10751.0,11286.0,11689.0,12081.0,12664.0,13089.0,13704.0,14415.0,15021.0,15214.0,15417.0,15711.0,16198.0,16777.0,17192.0,17717.0,17859.0,18199.0,18692.0,19391.0,19339.0,19872.0,20854.0,21964.937823452135,22587.62940757573,23224.583244856785,23876.104797519623,24542.506871808022,25224.10978104128,25921.24151203668,26634.237895001585
Scotland,S92000003,gdhi_total_mn_gbp,48705.0,49714.0,51508.0,54432.0,57157.0,59216.0,61232.0,64389.0,66887.0,70345.0,74527.0,78150.0,79598.0,81128.0,83264.0,85988.0,89208.0,91673.0,94815.0,95989.0,98092.0,100830.0,104990.0,104686.0,107674.0,113605.0,120469.90279619266,124359.2441109845,128358.3442341039,132470.06518476314,136697.34349803696,141043.1921898191,145510.70277241422,150103.0473220914
Scotland,TLM,chained_gva_mn_gbp,,112749.0,114295.0,118328.0,122867.0,124460.0,128253.0,132498.0,137345.0,141842.0,145185.0,147329.0,142595.0,143242.0,145327.0,147443.0,151086.0,155861.0,157361.0,158021.0,163282.0,163026.0,165620.0,147123.0,160321.0,166866.0,168245.0,169728.91806910772,171260.7184476202,172776.10805728153,174276.8390710319,175764.5542225453,177240.79275139282,178706.996212134
Scotland,TLM,emp_total_jobs,,,,,,,,,,,,,2407000.0,2331000.0,2350000.0,2319000.0,2348000.0,2437000.0,2462000.0,2481000.0,2471000.0,2508000.0,2501000.0,2445000.0,2521000.0,2524000.0,2562000.0,2566930.2255555685,2582815.647067567,2598799.375348523,2614882.0187688684,2631064.1894639437,2647346.503357264,2663729.580183999
Scotland,TLM,nominal_gva_mn_gbp,,69990.0,71019.0,73905.0,78263.0,81408.0,86231.0,91899.0,97381.0,103898.0,108168.0,113289.0,112920.0,112827.0,115662.0,119265.0,124638.0,130440.0,131988.0,134155.0,140881.0,143492.0,149254.0,141398.0,151916.0,166866.0,183471.0,182091.77209316083,188633.9539197832,195411.18284688971,202431.9036320418,209704.86443552325,217239.1277209748,225044.08154766532
Scotland,TLM,productivity_gbp_per_job,,,,,,,,,,,,,46913.16992106356,48402.831402831405,49217.87234042553,51429.49547218629,53082.623509369674,53524.82560525236,53610.07311129163,54072.954453849256,57013.759611493326,57213.71610845295,59677.72890843663,57831.49284253579,60260.214200714,66111.72741679873,71612.41217798594,70967.78785895767,73054.8995862395,75114.7692757625,77379.68625655962,79656.52092782075,82208.03872489184,84410.80845738412
South East,E12000008,gdhi_per_head_gbp,12683.0,12905.0,13339.0,14039.0,14504.0,14840.0,15047.0,15627.0,16185.0,16918.0,17730.0,18086.0,18443.0,18484.0,18661.0,19310.0,20083.0,20575.0,21790.0,22082.0,22624.0,23405.0,24148.0,23816.0,24606.0,26058.0,26742.00194661469,27506.655071356712,28293.17246797889,29102.179317192982,29934.318675948532,30790.25198858108,31670.659612575226,32576.24135936228
South East,E12000008,gdhi_total_mn_gbp,99604.0,101808.0,106113.0,112177.0,116375.0,119391.0,121701.0,127094.0,132765.0,139927.0,148072.0,152399.0,156600.0,158556.0,161471.0,168611.0,176915.0,182990.0,195449.0,199906.0,205990.0,214157.0,222009.0,219706.0,228729.0,244613.0,253297.89773064817,262508.7361852481,272054.5144312828,281947.4121052135,292200.05173965375,302825.5148686912,313837.35871886264,325249.6335070715
South East,TLJ,chained_gva_mn_gbp,,202977.0,211394.0,222556.0,226412.0,230958.0,236583.0,238867.0,246620.0,251963.0,258454.0,263852.0,253869.0,265012.0,270609.0,276794.0,281399.0,289698.0,297771.0,298435.0,305231.0,310794.0,321149.0,301562.0,318069.0,326144.0,326057.0,339636.9756255363,345356.7817722408,351148.4342960403,357013.08650857996,362951.9100031631,368966.0947591406,375056.84925541497
South East,TLJ,emp_total_jobs,,,,,,,,,,,,,3727000.0,3783000.0,3756000.0,3780000.0,3825000.0,3908000.0,4073000.0,4147000.0,4107000.0,4147000.0,4214000.0,4107000.0,4153000.0,4269000.0,4325000.0,4378349.1870996235,4425807.597058146,4473780.424798244,4522273.246268505,4571291.6978571145,4620841.477046975,4670928.343077939
South East,TLJ,nominal_gva_mn_gbp,,135775.0,142235.0,149118.0,154902.0,161906.0,169912.0,175491.0,184627.0,192653.0,201171.0,212321.0,208306.0,213782.0,219779.0,227513.0,235678.0,245399.0,255027.0,261020.0,270866.0,280390.0,296235.0,291483.0,303748.0,326144.0,354501.0,351050.5089560286,363610.0997859407,376619.0371280789,390093.39732527896,404049.831886294,418505.5880635975,433478.53016740433
South East,TLJ,productivity_gbp_per_job,,,,,,,,,,,,,55891.06519989268,56511.234469997355,58514.11075612353,60188.62433862434,61615.163398692814,62794.01228249744,62614.04370243064,62941.88570050639,65952.27660092525,67612.73209549072,70297.81680113907,70972.24251278305,73139.41728870696,76398.21972358866,81965.54913294797,80183.8303961991,82086.07788097062,84160.03064738483,86212.19303262695,88419.24242551542,90543.98057042509,92579.54074026603
South West,E12000009,gdhi_per_head_gbp,10914.0,11127.0,11525.0,11959.0,12423.0,12597.0,12930.0,13396.0,13901.0,14614.0,15134.0,15612.0,15699.0,16065.0,16312.0,16685.0,17306.0,17888.0,18686.0,18841.0,19265.0,19996.0,20725.0,20627.0,21304.0,22612.0,23079.401302792532,23744.65440506638,24429.083121312127,25133.240179762044,25857.69424078478,26603.03035612198,27369.85044136202,28158.773762032622
South West,E12000009,gdhi_total_mn_gbp,52685.0,53962.0,56252.0,58802.0,61409.0,62686.0,64734.0,67495.0,70703.0,74819.0,78253.0,81260.0,82058.0,84524.0,86466.0,89039.0,93014.0,96992.0,102242.0,104133.0,107397.0,112171.0,116946.0,116792.0,121705.0,130402.0,133776.26173525525,138627.0571357732,143653.74484866761,148862.70281879048,154260.54025852334,159854.10603365535,165650.49735333904,171657.06877514554
South West,TLK,chained_gva_mn_gbp,,113879.0,117991.0,122300.0,126845.0,128564.0,131337.0,134230.0,136608.0,138899.0,141274.0,142557.0,136591.0,141600.0,142295.0,143799.0,144861.0,150594.0,151429.0,153973.0,159266.0,160105.0,163301.0,148165.0,165780.0,170624.0,170832.0,171097.76089288847,173257.71504337888,175434.12831940062,177627.25353482174,179837.34614987145,182064.66423581043,184309.46844282033
South West,TLK,emp_total_jobs,,,,,,,,,,,,,2314000.0,2284000.0,2238000.0,2232000.0,2266000.0,2352000.0,2387000.0,2420000.0,2437000.0,2469000.0,2497000.0,2474000.0,2538000.0,2568000.0,2598000.0,2614347.424019396,2642162.669396346,2670273.853969545,2698684.12637229,2727396.66873765,2756414.6970548527,2785741.4615295366
South West,TLK,nominal_gva_mn_gbp,,67066.0,70346.0,73631.0,77699.0,81089.0,85434.0,90018.0,94098.0,98523.0,102473.0,107440.0,105857.0,109239.0,110531.0,113873.0,117149.0,123383.0,126159.0,130719.0,137276.0,141038.0,147026.0,140831.0,156691.0,170624.0,185952.0,180681.99873255685,186320.6962344721,193216.85191273896,200371.5086383807,207794.48739916604,215495.98762777285,223486.6020033039
South West,TLK,productivity_gbp_per_job,,,,,,,,,,,,,45746.326707000866,47827.93345008756,49388.29311885612,51018.36917562724,51698.587819947046,52458.75850340136,52852.53456221198,54016.115702479336,56329.913828477635,57123.53179424869,58881.05726872247,56924.41390460792,61737.98266351458,66442.36760124611,71575.05773672056,69085.33817894643,70340.24530406967,72389.64060931877,74369.04246108368,76416.64603975095,78256.48562369344,80098.61547791945
Wales,TLL,chained_gva_mn_gbp,,52766.0,53843.0,56205.0,57651.0,58663.0,60787.0,62499.0,63224.0,65271.0,65835.0,63979.0,62030.0,63113.0,64951.0,66019.0,67089.0,68096.0,69625.0,71332.0,72688.0,74542.0,75779.0,68578.0,72608.0,74977.0,74903.0,77104.11925847425,78117.65513157519,79144.51396298173,80184.8708833651,81238.90332549477,82306.79105449868,83388.71619852252
Wales,TLL,emp_total_jobs,,,,,,,,,,,,,1171000.0,1166000.0,1170000.0,1178000.0,1187000.0,1209000.0,1232000.0,1256000.0,1243000.0,1270000.0,1269000.0,1259000.0,1259000.0,1277000.0,1300000.0,1309325.1363983604,1319735.4800169934,1330228.5954783456,1340805.1408949846,1351465.779612074,1362211.1802489902,1373042.016741252
Wales,TLL,nominal_gva_mn_gbp,,32745.0,33423.0,35048.0,36206.0,37848.0,40351.0,42750.0,44614.0,46892.0,48706.0,49201.0,48710.0,49938.0,51893.0,53603.0,55504.0,56920.0,58697.0,61023.0,63140.0,65445.0,68327.0,65096.0,68348.0,74977.0,81458.0,80371.90619758761,83097.1464510875,85914.79380043269,88827.98157353896,91839.94934280167,94954.04652761987,98173.73611907469
Wales,TLL,productivity_gbp_per_job,,,,,,,,,,,,,41596.925704526046,42828.47341337908,44352.99145299145,45503.39558573854,46759.89890480202,47080.23159636063,47643.668831168834,48585.19108280255,50796.46017699115,51531.496062992126,53843.18360914106,51704.52740270056,54287.52978554408,58713.390759592796,62660.0,61423.269067751564,62984.44947488207,64528.122970391785,66303.49377880146,68001.27263704533,69791.71000645343,71578.82863603723
Wales,W92000004,gdhi_per_head_gbp,9264.0,9297.0,9721.0,10277.0,10702.0,10993.0,11404.0,11868.0,12162.0,12545.0,12912.0,13440.0,13456.0,13660.0,13883.0,14300.0,14616.0,15092.0,15591.0,15717.0,16237.0,16860.0,17300.0,17668.0,18015.0,18652.0,19324.18596788794,19858.82885586607,20408.26372618905,20972.899829118294,21553.157737655725,22149.46966081033,22762.27976553181,23392.044507551633
Wales,W92000004,gdhi_total_mn_gbp,26817.0,26957.0,28198.0,29875.0,31146.0,32132.0,33503.0,35098.0,36114.0,37456.0,38819.0,40667.0,40892.0,41662.0,42535.0,43914.0,44886.0,46391.0,47906.0,48364.0,50033.0,51993.0,53419.0,54849.0,55948.0,58432.0,60774.60184659287,62593.89034094387,64463.39287582325,66384.43125523455,68358.36159096037,70386.57519181492,72470.49947586149,74611.59890618928
West Midlands,E12000005,gdhi_per_head_gbp,9681.0,9974.0,10351.0,10808.0,11228.0,11486.0,11780.0,12190.0,12391.0,12852.0,13201.0,13548.0,13873.0,14012.0,14188.0,14568.0,15057.0,15606.0,16391.0,16671.0,16915.0,17439.0,17910.0,18027.0,18507.0,19480.0,19893.950197599836,20432.36511555368,20985.35183151622,21553.304720327647,22136.62883028891,22735.74017203102,23351.066015202177,23983.04519318497
West Midlands,E12000005,gdhi_total_mn_gbp,50945.0,52576.0,54568.0,56955.0,59293.0,60892.0,62735.0,65175.0,66673.0,69601.0,71970.0,74461.0,76687.0,77988.0,79575.0,82167.0,85478.0,89217.0,94351.0,96898.0,99039.0,102703.0,106044.0,106937.0,110231.0,117212.0,119990.69715335323,123961.31827499915,128063.33151674819,132301.08478506087,136679.06986329448,141201.92717274482,145874.45069123612,150701.59303447008
West Midlands,TLG,chained_gva_mn_gbp,,113327.0,116820.0,120004.0,123387.0,124363.0,127325.0,129917.0,131591.0,133798.0,133842.0,133573.0,125541.0,129821.0,133767.0,135796.0,139004.0,143952.0,147770.0,151398.0,156659.0,158836.0,157849.0,141339.0,155226.0,158960.0,160747.0,162893.35015432953,165029.24442214004,167193.14501629196,169385.4191620399,171606.43889977696,173856.58114817564,176136.22776814975
West Midlands,TLG,emp_total_jobs,,,,,,,,,,,,,2302000.0,2312000.0,2302000.0,2323000.0,2340000.0,2404000.0,2465000.0,2505000.0,2579000.0,2577000.0,2593000.0,2564000.0,2605000.0,2663000.0,2701000.0,2737069.7857043375,2771223.165686578,2805802.714329297,2840813.7493997933,2876261.655020903,2912151.882498971,2948489.9511622037
West Midlands,TLG,nominal_gva_mn_gbp,,70546.0,72689.0,74878.0,77766.0,80668.0,84705.0,88717.0,92660.0,95876.0,98602.0,101917.0,98608.0,102000.0,105200.0,108734.0,113782.0,119185.0,123674.0,129396.0,136041.0,140713.0,143711.0,135792.0,146778.0,158960.0,174608.0,168859.520166265,174609.39172900585,180557.12125068012,186709.59364927784,193073.93626774536,199657.52751700184,206468.00583116105
West Midlands,TLG,productivity_gbp_per_job,,,,,,,,,,,,,42835.794960903564,44117.64705882353,45699.39183318853,46807.576409814894,48624.78632478633,49577.78702163062,50172.008113590266,51655.08982035928,52749.51531601396,54603.41482343811,55422.67643655997,52960.9984399376,56344.7216890595,59692.07660533233,64645.68678267308,61741.94365918066,62976.005710797115,64373.0537016882,65776.09515283143,67278.04253121019,68523.7479450293,69994.21907088422
Yorkshire & Humber,E12000003,gdhi_per_head_gbp,9482.0,9729.0,10199.0,10629.0,10983.0,11264.0,11618.0,12004.0,12302.0,12729.0,13247.0,13417.0,13784.0,13841.0,14067.0,14477.0,14883.0,15300.0,16021.0,16106.0,16582.0,17189.0,17693.0,17876.0,18347.0,19249.0,19652.961809515175,20188.076072674157,20737.760520083742,21302.41187125558,21882.43764764913,22478.25646678889,23090.298344390252,23719.005004711362
Yorkshire & Humber,E12000003,gdhi_total_mn_gbp,47006.0,48233.0,50550.0,52703.0,54660.0,56320.0,58397.0,60779.0,62844.0,65350.0,68412.0,69752.0,72000.0,72733.0,74388.0,76921.0,79402.0,81955.0,86151.0,87103.0,90003.0,93573.0,96688.0,97757.0,100586.0,106606.0,109586.09947754814,113117.09127151467,116761.85573472026,120524.05875511399,124407.48433982569,128416.03842110261,132553.7527848801,136824.7891259333
Yorkshire & Humber,TLE,chained_gva_mn_gbp,,100732.0,103663.0,106854.0,110910.0,114317.0,119074.0,122556.0,124621.0,127648.0,131635.0,128170.0,122327.0,122506.0,123910.0,125713.0,126800.0,129075.0,133148.0,134219.0,138061.0,140040.0,141692.0,128398.0,144897.0,150684.0,150896.0,150547.2753267651,152553.54315825118,154586.54751222112,156646.64469286514,158734.19575265908,160849.56655564567,162993.12784155185
Yorkshire & Humber,TLE,emp_total_jobs,,,,,,,,,,,,,2224000.0,2202000.0,2184000.0,2164000.0,2193000.0,2261000.0,2330000.0,2340000.0,2381000.0,2390000.0,2397000.0,2343000.0,2438000.0,2473000.0,2497000.0,2509968.3324898,2534961.5784221236,2560203.696953415,2585697.166256,2611444.489178852,2637448.1934932815,2663710.832141137
Yorkshire & Humber,TLE,nominal_gva_mn_gbp,,62629.0,64589.0,66857.0,70287.0,74249.0,79307.0,83787.0,88017.0,92396.0,97660.0,99000.0,97143.0,97826.0,99400.0,101772.0,104433.0,107643.0,112293.0,114445.0,120022.0,123795.0,128503.0,123567.0,137374.0,150684.0,163826.0,159285.00033508343,163131.82563055365,169311.2066501417,175733.0796066981,182407.31858902494,189344.215345997,196554.49764930014
Yorkshire & Humber,TLE,productivity_gbp_per_job,,,,,,,,,,,,,43679.40647482014,44425.97638510445,45512.820512820515,47029.57486136784,47621.06703146375,47608.580274214946,48194.42060085837,48908.11965811966,50408.231835363295,51797.07112970711,53609.92907801418,52738.79641485275,56347.00574241181,60931.66194904974,65609.13095714858,63365.55346875178,64205.58674921756,66139.23655847262,68012.58517497823,69848.9005189303,71788.54617463486,73729.52761188158
